{"cameraMode":{"drawMode":0,"name":"Shaded","section":"Shading Mode"},"sceneLighting":false,"audioPlay":false,"sceneViewState":{"showFog":true,"showMaterialUpdate":true,"showSkybox":false,"showFlares":true,"showImageEffects":true,"showParticleSystems":true},"in2DMode":false,"pivot":{"x":-10.645910263061524,"y":-1.1619539260864258,"z":-14.981084823608399},"rotation":{"x":0.2452358603477478,"y":0.6955366730690002,"z":-0.27691787481307986,"w":0.6159602403640747},"size":3.2770655155181886,"orthographic":false}