{"cameraMode":{"drawMode":0,"name":"Shaded","section":"Shading Mode"},"sceneLighting":false,"audioPlay":false,"sceneViewState":{"showFog":true,"showMaterialUpdate":true,"showSkybox":false,"showFlares":true,"showImageEffects":true,"showParticleSystems":true},"in2DMode":false,"pivot":{"x":-11.05662727355957,"y":0.324457585811615,"z":-12.332512855529786},"rotation":{"x":0.3102194666862488,"y":-0.6548997759819031,"z":0.3384546637535095,"w":0.6002657413482666},"size":0.4399431645870209,"orthographic":false}