{"cameraMode":{"drawMode":0,"name":"Shaded","section":"Shading Mode"},"sceneLighting":false,"audioPlay":false,"sceneViewState":{"showFog":true,"showMaterialUpdate":true,"showSkybox":false,"showFlares":true,"showImageEffects":true,"showParticleSystems":true},"in2DMode":false,"pivot":{"x":1.6360000371932984,"y":0.4443470537662506,"z":0.04756627604365349},"rotation":{"x":0.22143103182315827,"y":-0.09636054933071137,"z":0.021995151415467264,"w":0.9701591730117798},"size":0.5273876190185547,"orthographic":false}