{"cameraMode":{"drawMode":0,"name":"Shaded","section":"Shading Mode"},"sceneLighting":false,"audioPlay":false,"sceneViewState":{"showFog":true,"showMaterialUpdate":true,"showSkybox":false,"showFlares":true,"showImageEffects":true,"showParticleSystems":true},"in2DMode":false,"pivot":{"x":0.0,"y":0.3924006223678589,"z":-2.9802322387695315e-8},"rotation":{"x":0.22143103182315827,"y":-0.09636054933071137,"z":0.021995151415467264,"w":0.9701591730117798},"size":0.4874235689640045,"orthographic":false}