{"cameraMode":{"drawMode":0,"name":"Shaded","section":"Shading Mode"},"sceneLighting":false,"audioPlay":false,"sceneViewState":{"showFog":true,"showMaterialUpdate":true,"showSkybox":false,"showFlares":true,"showImageEffects":true,"showParticleSystems":true},"in2DMode":false,"pivot":{"x":0.10888509452342987,"y":-0.0923980325460434,"z":2.0378479957580568},"rotation":{"x":0.0660473182797432,"y":-0.6881287693977356,"z":0.06314010173082352,"w":0.7198128700256348},"size":2.4144201278686525,"orthographic":false}