{"cameraMode":{"drawMode":0,"name":"Shaded","section":"Shading Mode"},"sceneLighting":false,"audioPlay":false,"sceneViewState":{"showFog":true,"showMaterialUpdate":true,"showSkybox":false,"showFlares":true,"showImageEffects":true,"showParticleSystems":true},"in2DMode":false,"pivot":{"x":0.27694469690322878,"y":0.3206555247306824,"z":0.40000665187835696},"rotation":{"x":0.01842472516000271,"y":0.9479451775550842,"z":-0.31298017501831057,"w":0.05579937621951103},"size":0.33355504274368288,"orthographic":false}