{"cameraMode":{"drawMode":0,"name":"Shaded","section":"Shading Mode"},"sceneLighting":false,"audioPlay":false,"sceneViewState":{"showFog":true,"showMaterialUpdate":true,"showSkybox":false,"showFlares":true,"showImageEffects":true,"showParticleSystems":true},"in2DMode":false,"pivot":{"x":0.7900000810623169,"y":0.43006765842437746,"z":0.11560966819524765},"rotation":{"x":0.22143103182315827,"y":-0.09636054933071137,"z":0.021995151415467264,"w":0.9701591730117798},"size":0.5478655695915222,"orthographic":false}