{"cameraMode":{"drawMode":0,"name":"Shaded","section":"Shading Mode"},"sceneLighting":false,"audioPlay":false,"sceneViewState":{"showFog":true,"showMaterialUpdate":true,"showSkybox":false,"showFlares":true,"showImageEffects":true,"showParticleSystems":true},"in2DMode":false,"pivot":{"x":-1.2244715690612794,"y":0.34735071659088137,"z":0.14452795684337617},"rotation":{"x":0.18285369873046876,"y":-0.010323014110326767,"z":0.001920074806548655,"w":0.983086109161377},"size":2.328169107437134,"orthographic":false}