{"cameraMode":{"drawMode":0,"name":"Shaded","section":"Shading Mode"},"sceneLighting":false,"audioPlay":false,"sceneViewState":{"showFog":true,"showMaterialUpdate":true,"showSkybox":false,"showFlares":true,"showImageEffects":true,"showParticleSystems":true},"in2DMode":false,"pivot":{"x":0.2892911434173584,"y":1.6446709632873536,"z":1.1826990842819214},"rotation":{"x":-0.005667198449373245,"y":-0.9851148128509522,"z":0.16859468817710877,"w":-0.03311416879296303},"size":1.2061610221862794,"orthographic":false}