{"cameraMode":{"drawMode":0,"name":"Shaded","section":"Shading Mode"},"sceneLighting":false,"audioPlay":false,"sceneViewState":{"showFog":true,"showMaterialUpdate":true,"showSkybox":false,"showFlares":true,"showImageEffects":true,"showParticleSystems":true},"in2DMode":false,"pivot":{"x":-0.2027987837791443,"y":-0.043741583824157718,"z":0.1011921763420105},"rotation":{"x":0.07653941959142685,"y":0.9234490990638733,"z":-0.2687576711177826,"w":0.26303306221961977},"size":1.7990219593048096,"orthographic":false}