{"cameraMode":{"drawMode":0,"name":"Shaded","section":"Shading Mode"},"sceneLighting":false,"audioPlay":false,"sceneViewState":{"showFog":true,"showMaterialUpdate":true,"showSkybox":false,"showFlares":true,"showImageEffects":true,"showParticleSystems":true},"in2DMode":false,"pivot":{"x":-0.02415362000465393,"y":0.1802154928445816,"z":0.06401927769184113},"rotation":{"x":0.01842472516000271,"y":0.9479451775550842,"z":-0.31298017501831057,"w":0.05579937621951103},"size":0.3649933636188507,"orthographic":false}