{"cameraMode":{"drawMode":0,"name":"Shaded","section":"Shading Mode"},"sceneLighting":false,"audioPlay":false,"sceneViewState":{"showFog":true,"showMaterialUpdate":true,"showSkybox":false,"showFlares":true,"showImageEffects":true,"showParticleSystems":true},"in2DMode":false,"pivot":{"x":-0.23728051781654359,"y":1.7379281520843506,"z":-0.5088527202606201},"rotation":{"x":-0.0016340285073965788,"y":-0.9853725433349609,"z":0.17016051709651948,"w":-0.009461618028581143},"size":3.0398335456848146,"orthographic":false}