{"cameraMode":{"drawMode":0,"name":"Shaded","section":"Shading Mode"},"sceneLighting":false,"audioPlay":false,"sceneViewState":{"showFog":true,"showMaterialUpdate":true,"showSkybox":false,"showFlares":true,"showImageEffects":true,"showParticleSystems":true},"in2DMode":false,"pivot":{"x":-0.05343690514564514,"y":0.354552298784256,"z":0.14476396143436433},"rotation":{"x":0.3613809645175934,"y":0.41595757007598879,"z":-0.18470396101474763,"w":0.8138149380683899},"size":0.6704952716827393,"orthographic":false}