{"cameraMode":{"drawMode":0,"name":"Shaded","section":"Shading Mode"},"sceneLighting":false,"audioPlay":false,"sceneViewState":{"showFog":true,"showMaterialUpdate":true,"showSkybox":false,"showFlares":true,"showImageEffects":true,"showParticleSystems":true},"in2DMode":false,"pivot":{"x":0.7850421667098999,"y":0.6300387382507324,"z":-0.30100002884864809},"rotation":{"x":0.22143103182315827,"y":-0.09636054933071137,"z":0.021995151415467264,"w":0.9701591730117798},"size":0.26338738203048708,"orthographic":false}