{"cameraMode":{"drawMode":0,"name":"Shaded","section":"Shading Mode"},"sceneLighting":false,"audioPlay":false,"sceneViewState":{"showFog":true,"showMaterialUpdate":true,"showSkybox":false,"showFlares":true,"showImageEffects":true,"showParticleSystems":true},"in2DMode":false,"pivot":{"x":0.8893433213233948,"y":-0.17526376247406007,"z":0.5392144918441773},"rotation":{"x":-0.30824199318885805,"y":0.02995852753520012,"z":-0.009690042585134507,"w":-0.9508039951324463},"size":0.3339746594429016,"orthographic":false}