{"cameraMode":{"drawMode":0,"name":"Shaded","section":"Shading Mode"},"sceneLighting":false,"audioPlay":false,"sceneViewState":{"showFog":true,"showMaterialUpdate":true,"showSkybox":false,"showFlares":true,"showImageEffects":true,"showParticleSystems":true},"in2DMode":false,"pivot":{"x":-0.35587722063064577,"y":0.40695273876190188,"z":0.48868000507354739},"rotation":{"x":0.18285369873046876,"y":-0.010323014110326767,"z":0.001920074806548655,"w":0.983086109161377},"size":0.9718307852745056,"orthographic":false}