{"cameraMode":{"drawMode":0,"name":"Shaded","section":"Shading Mode"},"sceneLighting":false,"audioPlay":false,"sceneViewState":{"showFog":true,"showMaterialUpdate":true,"showSkybox":false,"showFlares":true,"showImageEffects":true,"showParticleSystems":true},"in2DMode":false,"pivot":{"x":0.12484055757522583,"y":1.3780882358551026,"z":0.5492832660675049},"rotation":{"x":0.17421919107437135,"y":0.03279193490743637,"z":-0.00581997400149703,"w":0.9841526746749878},"size":2.057168483734131,"orthographic":false}