{"cameraMode":{"drawMode":0,"name":"Shaded","section":"Shading Mode"},"sceneLighting":false,"audioPlay":false,"sceneViewState":{"showFog":true,"showMaterialUpdate":true,"showSkybox":false,"showFlares":true,"showImageEffects":true,"showParticleSystems":true},"in2DMode":false,"pivot":{"x":0.23677493631839753,"y":1.1024322509765626,"z":2.88458514213562},"rotation":{"x":0.5209833383560181,"y":0.0307143684476614,"z":-0.018763499334454538,"w":0.8528082370758057},"size":4.950000286102295,"orthographic":false}