{"cameraMode":{"drawMode":0,"name":"Shaded","section":"Shading Mode"},"sceneLighting":false,"audioPlay":false,"sceneViewState":{"showFog":true,"showMaterialUpdate":true,"showSkybox":false,"showFlares":true,"showImageEffects":true,"showParticleSystems":true},"in2DMode":false,"pivot":{"x":5.590569019317627,"y":4.311612129211426,"z":1.1912001371383668},"rotation":{"x":0.22143103182315827,"y":-0.09636054933071137,"z":0.021995151415467264,"w":0.9701591730117798},"size":0.18249665200710298,"orthographic":false}